state_name,area_sq_km,total_population,decadal_growth_rate,rural_population,rural_pct,urban_population,urban_pct,pop_density_per_sq_km,sex_ratio,literacy_rate_pct,gsdp_current_cr_2022_23,gsdp_growth_current_pct_2022_23,unemp_rate_2023_24,Cluster
Uttar Pradesh,240928,199812341,0.202,155317278,0.7773,44495063,0.2227,828.0,912,67.68,1916913.0,16.8,3.0,3
Maharashtra,307713,112374333,0.16,61556074,0.5478,50818259,0.4522,365.0,929,82.34,3527084.0,13.5,3.3,1
Bihar,94163,104099452,0.254,92341436,0.8871,11758016,0.1129,1102.0,918,61.8,675448.0,15.0,3.0,3
West Bengal,88752,91276115,0.138,62183113,0.6813,29093002,0.3187,1029.0,953,76.26,1554992.0,14.0,2.6,3
Madhya Pradesh,308245,72626809,0.163,52557404,0.7237,20069405,0.2763,236.0,931,69.32,1322821.0,16.4,0.9,0
Tamil Nadu,130058,72147030,0.156,37229590,0.516,34917440,0.484,555.0,996,80.09,2349143.0,13.7,3.5,1
Rajasthan,342239,68548437,0.213,51500352,0.7513,17048085,0.2487,201.0,928,66.11,1413620.0,16.0,4.2,0
Karnataka,191791,61095297,0.156,30069335,0.4922,31025962,0.5078,319.0,979,75.36,2241368.0,14.2,2.7,1
Gujarat,196024,60439692,0.193,34694609,0.574,25745083,0.426,308.0,919,78.03,1957583.0,19.6,1.1,0
Andhra Pradesh,160205,49577103,0.11,34966693,0.7053,14610410,0.2947,303.0,993,67.41,1317728.0,16.2,4.1,0
Odisha,155707,41974219,0.14,34970562,0.8331,7003656,0.1669,269.0,979,72.87,765963.0,15.8,3.1,0
Telangana,112077,35003674,0.1358,21395009,0.6112,13608665,0.3888,312.0,988,66.46,1293469.0,16.3,4.8,0
Kerala,38863,33406061,0.049,17471135,0.523,15934926,0.477,859.0,1084,94.0,906921.0,17.6,7.2,2
Jharkhand,79716,32988134,0.224,25055073,0.7595,7933061,0.2405,414.0,948,66.41,343178.0,14.1,1.3,0
Assam,78438,31205576,0.177,26807034,0.859,4398542,0.141,398.0,958,72.19,493167.0,19.5,3.9,0
