state_name,total_population,literacy_rate_pct,rural_pct,urban_pct,pop_density_per_sq_km,gsdp_current_cr_2022_23,gsdp_growth_current_pct_2022_23,unemp_rate_2023_24
Uttar Pradesh,199812341,67.68,0.7773,0.2227,828.0,1916913.0,16.8,3.0
Maharashtra,112374333,82.34,0.5478,0.4522,365.0,3527084.0,13.5,3.3
Bihar,104099452,61.8,0.8871,0.1129,1102.0,675448.0,15.0,3.0
West Bengal,91276115,76.26,0.6813,0.3187,1029.0,1554992.0,14.0,2.6
Madhya Pradesh,72626809,69.32,0.7237,0.2763,236.0,1322821.0,16.4,0.9
Tamil Nadu,72147030,80.09,0.516,0.484,555.0,2349143.0,13.7,3.5
Rajasthan,68548437,66.11,0.7513,0.2487,201.0,1413620.0,16.0,4.2
Karnataka,61095297,75.36,0.4922,0.5078,319.0,2241368.0,14.2,2.7
Gujarat,60439692,78.03,0.574,0.426,308.0,1957583.0,19.6,1.1
Andhra Pradesh,49577103,67.41,0.7053,0.2947,303.0,1317728.0,16.2,4.1
Odisha,41974219,72.87,0.8331,0.1669,269.0,765963.0,15.8,3.1
Telangana,35003674,66.46,0.6112,0.3888,312.0,1293469.0,16.3,4.8
Kerala,33406061,94.0,0.523,0.477,859.0,906921.0,17.6,7.2
Jharkhand,32988134,66.41,0.7595,0.2405,414.0,343178.0,14.1,1.3
Assam,31205576,72.19,0.859,0.141,398.0,493167.0,19.5,3.9
