state_name,unemp_rate_2019_20,unemp_rate_2020_21,unemp_rate_2021_22,unemp_rate_2022_23,unemp_rate_2023_24
Andhra Pradesh,4.7,4.1,4.2,4.1,4.1
Assam,7.9,4.1,3.8,1.7,3.9
Bihar,5.3,4.7,6.0,3.9,3.0
Gujarat,2.0,2.2,2.0,1.7,1.1
Jharkhand,4.2,3.1,2.0,1.7,1.3
Karnataka,4.2,2.7,3.2,2.4,2.7
Kerala,10.0,10.1,9.6,7.0,7.2
Madhya Pradesh,3.0,1.9,2.1,1.6,0.9
Maharashtra,3.2,3.7,3.5,3.1,3.3
Odisha,6.3,5.4,6.0,3.9,3.1
Rajasthan,4.5,4.8,4.7,4.4,4.2
Tamil Nadu,5.3,5.2,4.8,4.3,3.5
Telangana,7.0,4.9,4.2,4.4,4.8
Uttar Pradesh,4.5,4.2,2.9,2.4,3.0
West Bengal,4.6,3.5,3.5,2.2,2.6
