state_name,gsdp_current_cr_2022_23,gsdp_growth_current_pct_2022_23,gsdp_constant_cr_2022_23,gsdp_growth_constant_pct_2022_23
Andhra Pradesh,1317728.0,16.2,754338.0,7.0
Assam,493167.0,19.5,289192.0,10.2
Bihar,675448.0,15.0,428065.0,11.0
Gujarat,1957583.0,19.6,1382530.0,10.8
Jharkhand,343178.0,14.1,236816.0,8.2
Karnataka,2241368.0,14.2,1326319.0,7.9
Kerala,906921.0,17.6,573591.0,12.0
Madhya Pradesh,1322821.0,16.4,643124.0,7.1
Maharashtra,3527084.0,13.5,2165558.0,6.8
Odisha,765963.0,15.8,454682.0,7.8
Rajasthan,1413620.0,16.0,799449.0,8.2
Tamil Nadu,2349143.0,13.7,1453125.0,8.0
Telangana,1293469.0,16.3,710610.0,7.6
Uttar Pradesh,1916913.0,16.8,1181361.0,9.6
West Bengal,1554992.0,14.0,854023.0,8.4
