state_name,area_sq_km,total_population,national_share_pct,decadal_growth_rate,rural_population,rural_pct,urban_population,urban_pct,pop_density_per_sq_km,sex_ratio,literacy_rate_pct
Uttar Pradesh,240928,199812341,0.1651,0.202,155317278,0.7773,44495063,0.2227,828.0,912,67.68
Maharashtra,307713,112374333,0.0928,0.16,61556074,0.5478,50818259,0.4522,365.0,929,82.34
Bihar,94163,104099452,0.086,0.254,92341436,0.8871,11758016,0.1129,1102.0,918,61.8
West Bengal,88752,91276115,0.0754,0.138,62183113,0.6813,29093002,0.3187,1029.0,953,76.26
Madhya Pradesh,308245,72626809,0.06,0.163,52557404,0.7237,20069405,0.2763,236.0,931,69.32
Tamil Nadu,130058,72147030,0.0596,0.156,37229590,0.516,34917440,0.484,555.0,996,80.09
Rajasthan,342239,68548437,0.0566,0.213,51500352,0.7513,17048085,0.2487,201.0,928,66.11
Karnataka,191791,61095297,0.0505,0.156,30069335,0.4922,31025962,0.5078,319.0,979,75.36
Gujarat,196024,60439692,0.0499,0.193,34694609,0.574,25745083,0.426,308.0,919,78.03
Andhra Pradesh,160205,49577103,0.041,0.11,34966693,0.7053,14610410,0.2947,303.0,993,67.41
Odisha,155707,41974219,0.0347,0.14,34970562,0.8331,7003656,0.1669,269.0,979,72.87
Telangana,112077,35003674,0.0289,0.1358,21395009,0.6112,13608665,0.3888,312.0,988,66.46
Kerala,38863,33406061,0.0276,0.049,17471135,0.523,15934926,0.477,859.0,1084,94.0
Jharkhand,79716,32988134,0.0273,0.224,25055073,0.7595,7933061,0.2405,414.0,948,66.41
Assam,78438,31205576,0.0258,0.177,26807034,0.859,4398542,0.141,398.0,958,72.19
