state_name,census_total_population_2011,youth_15_29_total,youth_15_29_male,youth_15_29_female,youth_15_29_rural,youth_15_29_urban,youth_pct_of_population,data_type
Uttar Pradesh,199812341,55198857,29179425,26019432,41628857,13570000,27.63,exact_census_2011
Maharashtra,112374333,31865346,16828074,15037272,16769787,15095559,28.36,exact_census_2011
West Bengal,91276115,25814262,13169859,12644403,17840412,7973850,28.28,exact_census_2011
Bihar,104099452,25209135,13329853,11879282,21977470,3231665,24.22,exact_census_2011
Madhya Pradesh,72626809,19961874,10522485,9439389,14029337,5932537,27.49,exact_census_2011
Tamil Nadu,72147030,19329081,9622016,9707065,10048830,9280251,26.79,exact_census_2011
Rajasthan,68548437,19089008,10030416,9058592,14012389,5076619,27.85,exact_census_2011
Karnataka,61095297,17651441,9030888,8620553,10491197,7160244,28.89,exact_census_2011
Gujarat,60439692,16925304,8959520,7965784,9303189,7622115,28.0,exact_census_2011
Andhra Pradesh,49577103,14082205,7070089,7012116,9139809,4942396,28.4,estimated_proportional_split_from_undivided_AP_2011
Odisha,41974218,11282962,5616499,5666463,9238008,2044954,26.88,exact_census_2011
Telangana,35003674,9942672,4991802,4950870,6453118,3489554,28.4,estimated_proportional_split_from_undivided_AP_2011
Assam,31205576,8793133,4404111,4389022,7528204,1264929,28.18,exact_census_2011
Jharkhand,32988134,8685529,4488464,4197065,6354055,2331474,26.33,exact_census_2011
Kerala,33406061,7880453,3831103,4049350,4120910,3759543,23.59,exact_census_2011
