state_name,literacy_rate_pct,urban_pct,pop_density_per_sq_km,gsdp_growth_current_pct_2022_23,unemp_rate_2023_24,youth_pct_of_population,pmkvy_rate_per_lakh_youth
Uttar Pradesh,-0.6786466818218749,-0.7441958494773201,1.1259315611471463,0.4761370416745238,-0.16162599735036925,0.2306389947149475,-0.29731056282000917
Maharashtra,1.1608011837350092,1.0628819609379117,-0.4627711394150095,-1.2959519480163697,0.03494616158926898,0.7200763962902657,-0.5196306309061572
Bihar,-1.4164334109811176,-1.6087585666171567,2.066114152840517,-0.4904569527023274,-0.16162599735036925,-2.055637086616332,-0.7201293097236914
West Bengal,0.3979196678696712,0.011705979715979331,1.8156275499441081,-1.0274536162450223,-0.423722209269887,0.6664394207751635,-0.6466874297121195
Madhya Pradesh,-0.4728694308318841,-0.3221506615110613,-0.9054118486429104,0.2613383762574447,-1.5376311099278377,0.13677428756351628,0.22957040064959025
Tamil Nadu,0.8784848332914219,1.3132744418581923,0.1891802927811235,-1.1885526153078312,0.165994267549028,-0.33254924819363735,0.276732758101111
Rajasthan,-0.8756407574647346,-0.5394724374041349,-1.0255081651000928,0.04653971084036749,0.6246626384081843,0.37814067738148327,-0.37028316564300867
Karnataka,0.28499312769223556,1.5006751036790313,-0.6206120124730207,-0.9200542835364838,-0.3581981562900075,1.0754213590778259,-0.9519522408784292
Gujarat,0.6200085302186261,0.8565837533872404,-0.6583565690738494,1.9797276995940698,-1.4065830039680787,0.47871000647230105,-0.4330489896145598
Andhra Pradesh,-0.7125246438751067,-0.17726947758234532,-0.6755131857105898,0.15393904354890608,0.5591385854283044,0.7468948840478168,0.8833908436280087
Odisha,-0.02743696679866711,-1.1835637876959257,-0.7921781788404242,-0.06085962186817111,-0.09610194437048974,-0.2722076507391462,0.4103594375470858
Telangana,-0.8317248807290661,0.5636717945748366,-0.6446312757644572,0.20763870990317634,1.0178069562874608,0.7468948840478168,-0.0016659340194324407
Kerala,2.6238272487004437,1.2581566001461808,1.2323025842949364,0.90573437250868,2.590384227804568,-2.47802826879777,-0.5073121047061332
Jharkhand,-0.83799857740559,-0.6040390519810627,-0.2946362963749542,-0.973753949890753,-1.2755348980083199,-0.6409618574054821,-0.629558812329229
Assam,-0.11275924159939658,-1.3874998020303682,-0.3495374696125233,1.9260280332397997,0.4280904794685457,0.5993932013812834,3.2775257404269658
